,number_count,id_count,p_count,map_agent_count,name_len_count,prefix_count
0,0.0,0.0,0.0,0.0,0.0,0.0
1,0.7446808510638298,0.7446808510638298,0.06521739130434782,0.03125,0.5714285714285714,0.2127659574468085
2,0.02127659574468085,0.02127659574468085,0.021739130434782608,0.03125,0.0,0.0
3,0.02127659574468085,0.02127659574468085,0.021739130434782608,0.0,0.028571428571428567,0.0
4,0.02127659574468085,0.02127659574468085,0.0,0.03125,0.028571428571428567,0.0
5,0.02127659574468085,0.02127659574468085,0.0,0.0,0.0,0.0
6,0.02127659574468085,0.02127659574468085,0.021739130434782608,0.0,0.0,0.0
7,0.042553191489361694,0.042553191489361694,0.043478260869565216,0.0,0.0,0.0
8,0.06382978723404255,0.06382978723404255,0.021739130434782608,0.0,0.028571428571428567,0.02127659574468085
9,0.2340425531914893,0.2340425531914893,0.2391304347826087,0.0,0.11428571428571427,0.14893617021276595
10,0.02127659574468085,0.02127659574468085,0.021739130434782608,0.03125,0.028571428571428567,0.0
11,0.042553191489361694,0.042553191489361694,0.021739130434782608,0.0,0.0,0.02127659574468085
12,0.042553191489361694,0.042553191489361694,0.043478260869565216,0.0,0.0,0.042553191489361694
13,0.06382978723404255,0.06382978723404255,0.021739130434782608,0.0,0.08571428571428573,0.0
14,0.02127659574468085,0.02127659574468085,0.0,0.0,0.028571428571428567,0.02127659574468085
15,0.02127659574468085,0.02127659574468085,0.021739130434782608,0.0,0.028571428571428567,0.02127659574468085
16,0.1702127659574468,0.1702127659574468,0.021739130434782608,0.0,0.05714285714285715,0.1702127659574468
17,0.02127659574468085,0.02127659574468085,0.0,0.03125,0.0,0.02127659574468085
18,0.042553191489361694,0.042553191489361694,0.043478260869565216,0.03125,0.028571428571428567,0.02127659574468085
19,0.10638297872340424,0.10638297872340424,0.08695652173913042,0.125,0.028571428571428567,0.042553191489361694
20,0.042553191489361694,0.042553191489361694,0.043478260869565216,0.03125,0.0,0.02127659574468085
21,0.042553191489361694,0.042553191489361694,0.021739130434782608,0.0,0.028571428571428567,0.0
22,0.042553191489361694,0.042553191489361694,0.043478260869565216,0.0625,0.0,0.02127659574468085
23,0.02127659574468085,0.02127659574468085,0.0,0.03125,0.0,0.0
24,0.042553191489361694,0.042553191489361694,0.043478260869565216,0.03125,0.0,0.0
25,0.10638297872340424,0.10638297872340424,0.0,0.0,0.11428571428571427,0.0
26,0.02127659574468085,0.02127659574468085,0.021739130434782608,0.03125,0.0,0.02127659574468085
27,0.042553191489361694,0.042553191489361694,0.021739130434782608,0.0625,0.028571428571428567,0.02127659574468085
28,0.042553191489361694,0.042553191489361694,0.043478260869565216,0.0625,0.05714285714285715,0.02127659574468085
29,0.042553191489361694,0.042553191489361694,0.0,0.0625,0.0,0.02127659574468085
30,0.042553191489361694,0.042553191489361694,0.043478260869565216,0.03125,0.028571428571428567,0.0
31,0.0851063829787234,0.0851063829787234,0.06521739130434782,0.125,0.0,0.042553191489361694
32,0.06382978723404255,0.06382978723404255,0.021739130434782608,0.0625,0.0,0.02127659574468085
33,0.0,0.0,0.0,0.0,0.028571428571428567,0.02127659574468085
34,1.0,1.0,0.021739130434782608,0.0,0.4857142857142857,1.0
35,0.042553191489361694,0.042553191489361694,0.0,0.03125,0.05714285714285715,0.0
36,0.042553191489361694,0.042553191489361694,0.021739130434782608,0.03125,0.0,0.042553191489361694
37,0.02127659574468085,0.02127659574468085,0.0,0.0,0.028571428571428567,0.0
38,0.042553191489361694,0.042553191489361694,0.0,0.03125,0.028571428571428567,0.0
39,0.042553191489361694,0.042553191489361694,0.021739130434782608,0.0625,0.0,0.02127659574468085
40,0.0851063829787234,0.0851063829787234,0.08695652173913042,0.0,0.05714285714285715,0.042553191489361694
41,0.10638297872340424,0.10638297872340424,0.06521739130434782,0.03125,0.028571428571428567,0.0
42,0.06382978723404255,0.06382978723404255,0.043478260869565216,0.03125,0.05714285714285715,0.0
43,0.042553191489361694,0.042553191489361694,0.021739130434782608,0.03125,0.0,0.0
44,0.9148936170212766,0.9148936170212766,0.6521739130434783,0.875,0.2285714285714285,0.042553191489361694
45,0.042553191489361694,0.042553191489361694,0.0,0.0,0.05714285714285715,0.0
46,0.042553191489361694,0.042553191489361694,0.0,0.0,0.0,0.042553191489361694
47,0.06382978723404255,0.06382978723404255,0.0,0.0,0.028571428571428567,0.02127659574468085
48,0.2765957446808511,0.2765957446808511,0.2608695652173913,0.3125,0.14285714285714285,0.02127659574468085
49,0.14893617021276595,0.14893617021276595,0.15217391304347827,0.0625,0.08571428571428573,0.02127659574468085
50,0.042553191489361694,0.042553191489361694,0.043478260869565216,0.0,0.0,0.02127659574468085
51,0.9574468085106382,0.9574468085106382,0.021739130434782608,0.0,0.4,0.9361702127659574
52,0.02127659574468085,0.02127659574468085,0.021739130434782608,0.0,0.0,0.02127659574468085
53,0.042553191489361694,0.042553191489361694,0.021739130434782608,0.0,0.05714285714285715,0.02127659574468085
54,0.06382978723404255,0.06382978723404255,0.021739130434782608,0.0,0.05714285714285715,0.0
55,0.10638297872340424,0.10638297872340424,0.043478260869565216,0.03125,0.05714285714285715,0.042553191489361694
56,0.02127659574468085,0.02127659574468085,0.021739130434782608,0.03125,0.028571428571428567,0.02127659574468085
57,0.042553191489361694,0.042553191489361694,0.043478260869565216,0.0,0.028571428571428567,0.0
58,0.02127659574468085,0.02127659574468085,0.0,0.0,0.0,0.02127659574468085
59,0.0851063829787234,0.0851063829787234,0.06521739130434782,0.0,0.028571428571428567,0.06382978723404255
60,0.042553191489361694,0.042553191489361694,0.0,0.0,0.028571428571428567,0.02127659574468085
61,0.5744680851063829,0.5744680851063829,0.5652173913043478,0.46875,0.3142857142857143,0.042553191489361694
62,0.06382978723404255,0.06382978723404255,0.043478260869565216,0.0,0.0,0.0
63,0.042553191489361694,0.042553191489361694,0.021739130434782608,0.0,0.05714285714285715,0.0
64,0.042553191489361694,0.042553191489361694,0.021739130434782608,0.03125,0.0,0.02127659574468085
65,0.10638297872340424,0.10638297872340424,0.10869565217391304,0.15625,0.05714285714285715,0.06382978723404255
66,0.06382978723404255,0.06382978723404255,0.043478260869565216,0.0,0.028571428571428567,0.042553191489361694
67,0.042553191489361694,0.042553191489361694,0.043478260869565216,0.0625,0.0,0.042553191489361694
68,0.06382978723404255,0.06382978723404255,0.06521739130434782,0.0625,0.028571428571428567,0.06382978723404255
69,0.042553191489361694,0.042553191489361694,0.0,0.0,0.028571428571428567,0.0
70,0.06382978723404255,0.06382978723404255,0.043478260869565216,0.0625,0.0,0.02127659574468085
71,0.0851063829787234,0.0851063829787234,0.0,0.0,0.11428571428571427,0.06382978723404255
72,0.14893617021276595,0.14893617021276595,0.06521739130434782,0.21875,0.14285714285714285,0.042553191489361694
73,0.042553191489361694,0.042553191489361694,0.021739130434782608,0.0625,0.028571428571428567,0.042553191489361694
74,0.06382978723404255,0.06382978723404255,0.021739130434782608,0.03125,0.05714285714285715,0.02127659574468085
75,0.042553191489361694,0.042553191489361694,0.021739130434782608,0.0,0.028571428571428567,0.02127659574468085
76,0.14893617021276595,0.14893617021276595,0.15217391304347827,0.03125,0.2,0.06382978723404255
77,0.1276595744680851,0.1276595744680851,0.021739130434782608,0.0,0.028571428571428567,0.02127659574468085
78,0.0851063829787234,0.0851063829787234,0.021739130434782608,0.0,0.11428571428571427,0.02127659574468085
79,0.0851063829787234,0.0851063829787234,0.06521739130434782,0.0,0.08571428571428573,0.02127659574468085
80,0.06382978723404255,0.06382978723404255,0.0,0.09375,0.0,0.042553191489361694
81,0.0851063829787234,0.0851063829787234,0.08695652173913042,0.09375,0.028571428571428567,0.06382978723404255
82,0.06382978723404255,0.06382978723404255,0.0,0.03125,0.08571428571428573,0.02127659574468085
83,0.042553191489361694,0.042553191489361694,0.043478260869565216,0.0,0.028571428571428567,0.02127659574468085
84,0.042553191489361694,0.042553191489361694,0.021739130434782608,0.0,0.0,0.0
85,0.042553191489361694,0.042553191489361694,0.021739130434782608,0.0625,0.0,0.042553191489361694
86,0.0851063829787234,0.0851063829787234,0.0,0.0,0.11428571428571427,0.02127659574468085
87,0.06382978723404255,0.06382978723404255,0.06521739130434782,0.0625,0.028571428571428567,0.02127659574468085
88,0.06382978723404255,0.06382978723404255,0.043478260869565216,0.0,0.08571428571428573,0.0
89,0.0851063829787234,0.0851063829787234,0.06521739130434782,0.0,0.11428571428571427,0.0
90,0.1276595744680851,0.1276595744680851,0.13043478260869568,0.03125,0.028571428571428567,0.042553191489361694
91,0.1702127659574468,0.1702127659574468,0.10869565217391304,0.0625,0.1714285714285714,0.02127659574468085
92,0.042553191489361694,0.042553191489361694,0.0,0.0625,0.028571428571428567,0.02127659574468085
93,0.042553191489361694,0.042553191489361694,0.0,0.0,0.05714285714285715,0.02127659574468085
94,0.25531914893617025,0.25531914893617025,0.2608695652173913,0.09375,0.08571428571428573,0.06382978723404255
95,0.14893617021276595,0.14893617021276595,0.15217391304347827,0.125,0.08571428571428573,0.042553191489361694
96,0.0851063829787234,0.0851063829787234,0.06521739130434782,0.03125,0.05714285714285715,0.02127659574468085
97,0.042553191489361694,0.042553191489361694,0.021739130434782608,0.03125,0.05714285714285715,0.02127659574468085
98,0.1702127659574468,0.1702127659574468,0.021739130434782608,0.0,0.11428571428571427,0.14893617021276595
99,0.06382978723404255,0.06382978723404255,0.06521739130434782,0.0,0.028571428571428567,0.0
100,0.7872340425531914,0.7872340425531914,0.8043478260869565,1.0,0.4857142857142857,0.042553191489361694
101,0.042553191489361694,0.042553191489361694,0.021739130434782608,0.03125,0.028571428571428567,0.0
102,0.0851063829787234,0.0851063829787234,0.06521739130434782,0.09375,0.028571428571428567,0.042553191489361694
103,0.0851063829787234,0.0851063829787234,0.021739130434782608,0.09375,0.028571428571428567,0.042553191489361694
104,0.042553191489361694,0.042553191489361694,0.021739130434782608,0.03125,0.028571428571428567,0.02127659574468085
105,0.042553191489361694,0.042553191489361694,0.0,0.0,0.0,0.0
106,0.042553191489361694,0.042553191489361694,0.043478260869565216,0.03125,0.0,0.042553191489361694
107,0.042553191489361694,0.042553191489361694,0.043478260869565216,0.0,0.028571428571428567,0.042553191489361694
108,0.042553191489361694,0.042553191489361694,0.0,0.0,0.028571428571428567,0.042553191489361694
109,0.042553191489361694,0.042553191489361694,0.043478260869565216,0.0,0.05714285714285715,0.02127659574468085
110,0.14893617021276595,0.14893617021276595,0.043478260869565216,0.03125,0.05714285714285715,0.10638297872340424
111,0.2340425531914893,0.2340425531914893,0.2391304347826087,0.09375,0.11428571428571427,0.10638297872340424
112,0.1276595744680851,0.1276595744680851,0.13043478260869568,0.0,0.028571428571428567,0.06382978723404255
113,0.6595744680851063,0.6595744680851063,0.6521739130434783,0.28125,0.3142857142857143,0.10638297872340424
114,0.042553191489361694,0.042553191489361694,0.043478260869565216,0.03125,0.05714285714285715,0.0
115,0.0851063829787234,0.0851063829787234,0.021739130434782608,0.0,0.028571428571428567,0.02127659574468085
116,0.06382978723404255,0.06382978723404255,0.043478260869565216,0.0625,0.05714285714285715,0.042553191489361694
117,0.06382978723404255,0.06382978723404255,0.021739130434782608,0.03125,0.08571428571428573,0.042553191489361694
118,0.0,0.0,0.021739130434782608,0.0,0.028571428571428567,0.02127659574468085
119,0.10638297872340424,0.10638297872340424,0.0,0.0,0.08571428571428573,0.0
120,0.06382978723404255,0.06382978723404255,0.043478260869565216,0.0625,0.028571428571428567,0.06382978723404255
121,0.1914893617021277,0.1914893617021277,0.0,0.0,0.2571428571428571,0.1914893617021277
122,0.042553191489361694,0.042553191489361694,0.043478260869565216,0.0625,0.028571428571428567,0.02127659574468085
123,0.0851063829787234,0.0851063829787234,0.043478260869565216,0.0,0.08571428571428573,0.02127659574468085
124,0.06382978723404255,0.06382978723404255,0.021739130434782608,0.0,0.028571428571428567,0.0
125,0.06382978723404255,0.06382978723404255,0.06521739130434782,0.09375,0.0,0.02127659574468085
126,0.042553191489361694,0.042553191489361694,0.043478260869565216,0.03125,0.05714285714285715,0.02127659574468085
127,0.042553191489361694,0.042553191489361694,0.0,0.0,0.0,0.02127659574468085
128,0.06382978723404255,0.06382978723404255,0.0,0.0625,0.028571428571428567,0.02127659574468085
129,0.06382978723404255,0.06382978723404255,0.021739130434782608,0.0,0.05714285714285715,0.042553191489361694
130,0.06382978723404255,0.06382978723404255,0.043478260869565216,0.03125,0.028571428571428567,0.042553191489361694
131,0.06382978723404255,0.06382978723404255,0.06521739130434782,0.0625,0.0,0.02127659574468085
132,0.10638297872340424,0.10638297872340424,0.043478260869565216,0.0,0.14285714285714285,0.0
133,0.5106382978723404,0.5106382978723404,0.5,0.5625,0.14285714285714285,0.02127659574468085
134,0.042553191489361694,0.042553191489361694,0.021739130434782608,0.0,0.0,0.042553191489361694
135,0.1276595744680851,0.1276595744680851,0.021739130434782608,0.0,0.028571428571428567,0.0
136,0.06382978723404255,0.06382978723404255,0.021739130434782608,0.03125,0.05714285714285715,0.042553191489361694
137,0.0851063829787234,0.0851063829787234,0.08695652173913042,0.125,0.05714285714285715,0.06382978723404255
138,0.8723404255319148,0.8723404255319148,0.7173913043478259,0.71875,0.3142857142857143,0.25531914893617025
139,0.06382978723404255,0.06382978723404255,0.043478260869565216,0.0625,0.05714285714285715,0.02127659574468085
140,0.1276595744680851,0.1276595744680851,0.06521739130434782,0.0,0.11428571428571427,0.0
141,0.0851063829787234,0.0851063829787234,0.043478260869565216,0.0,0.028571428571428567,0.0
142,0.06382978723404255,0.06382978723404255,0.06521739130434782,0.09375,0.028571428571428567,0.02127659574468085
143,0.042553191489361694,0.042553191489361694,0.021739130434782608,0.0625,0.028571428571428567,0.0
144,0.1276595744680851,0.1276595744680851,0.08695652173913042,0.0,0.14285714285714285,0.0
145,0.06382978723404255,0.06382978723404255,0.043478260869565216,0.0,0.028571428571428567,0.02127659574468085
146,0.06382978723404255,0.06382978723404255,0.043478260869565216,0.0625,0.028571428571428567,0.02127659574468085
147,0.1914893617021277,0.1914893617021277,0.13043478260869568,0.0,0.1714285714285714,0.10638297872340424
148,0.7234042553191489,0.7234042553191489,0.13043478260869568,0.03125,0.9714285714285714,0.0851063829787234
149,0.0851063829787234,0.0851063829787234,0.08695652173913042,0.09375,0.0,0.042553191489361694
150,0.3191489361702128,0.3191489361702128,0.2173913043478261,0.15625,0.14285714285714285,0.042553191489361694
151,0.0851063829787234,0.0851063829787234,0.08695652173913042,0.0625,0.05714285714285715,0.042553191489361694
152,0.042553191489361694,0.042553191489361694,0.0,0.03125,0.0,0.02127659574468085
153,0.0851063829787234,0.0851063829787234,0.06521739130434782,0.0,0.028571428571428567,0.02127659574468085
154,0.3617021276595745,0.3617021276595745,0.043478260869565216,0.03125,0.42857142857142855,0.042553191489361694
155,0.0851063829787234,0.0851063829787234,0.06521739130434782,0.03125,0.028571428571428567,0.042553191489361694
156,0.06382978723404255,0.06382978723404255,0.043478260869565216,0.09375,0.0,0.02127659574468085
157,0.06382978723404255,0.06382978723404255,0.06521739130434782,0.0625,0.028571428571428567,0.0
158,0.1914893617021277,0.1914893617021277,0.13043478260869568,0.09375,0.08571428571428573,0.10638297872340424
159,0.02127659574468085,0.02127659574468085,0.0,0.03125,0.028571428571428567,0.02127659574468085
160,0.06382978723404255,0.06382978723404255,0.021739130434782608,0.0625,0.028571428571428567,0.042553191489361694
161,0.0851063829787234,0.0851063829787234,0.021739130434782608,0.0,0.08571428571428573,0.0851063829787234
162,0.06382978723404255,0.06382978723404255,0.043478260869565216,0.0,0.05714285714285715,0.042553191489361694
163,0.0851063829787234,0.0851063829787234,0.043478260869565216,0.09375,0.0,0.042553191489361694
164,0.06382978723404255,0.06382978723404255,0.043478260869565216,0.0625,0.0,0.042553191489361694
165,0.06382978723404255,0.06382978723404255,0.06521739130434782,0.03125,0.05714285714285715,0.02127659574468085
166,0.042553191489361694,0.042553191489361694,0.043478260869565216,0.03125,0.028571428571428567,0.042553191489361694
167,0.042553191489361694,0.042553191489361694,0.043478260869565216,0.0625,0.028571428571428567,0.042553191489361694
168,0.06382978723404255,0.06382978723404255,0.021739130434782608,0.0625,0.028571428571428567,0.02127659574468085
169,0.042553191489361694,0.042553191489361694,0.021739130434782608,0.03125,0.05714285714285715,0.0
170,0.0851063829787234,0.0851063829787234,0.043478260869565216,0.125,0.028571428571428567,0.06382978723404255
171,0.06382978723404255,0.06382978723404255,0.043478260869565216,0.03125,0.028571428571428567,0.0
172,0.06382978723404255,0.06382978723404255,0.021739130434782608,0.09375,0.0,0.042553191489361694
173,0.06382978723404255,0.06382978723404255,0.043478260869565216,0.0625,0.028571428571428567,0.042553191489361694
174,0.0851063829787234,0.0851063829787234,0.043478260869565216,0.0,0.05714285714285715,0.0
175,0.042553191489361694,0.042553191489361694,0.0,0.0,0.05714285714285715,0.042553191489361694
176,0.2127659574468085,0.2127659574468085,0.043478260869565216,0.0,0.2571428571428571,0.0
177,0.042553191489361694,0.042553191489361694,0.021739130434782608,0.0625,0.0,0.0
178,0.042553191489361694,0.042553191489361694,0.043478260869565216,0.0,0.05714285714285715,0.0
179,0.14893617021276595,0.14893617021276595,0.06521739130434782,0.0,0.05714285714285715,0.02127659574468085
180,0.1276595744680851,0.1276595744680851,0.13043478260869568,0.1875,0.05714285714285715,0.02127659574468085
181,0.042553191489361694,0.042553191489361694,0.0,0.0625,0.028571428571428567,0.0
182,0.1702127659574468,0.1702127659574468,0.043478260869565216,0.125,0.1714285714285714,0.1702127659574468
183,0.042553191489361694,0.042553191489361694,0.043478260869565216,0.0625,0.0,0.0
184,0.06382978723404255,0.06382978723404255,0.043478260869565216,0.03125,0.0,0.042553191489361694
185,0.06382978723404255,0.06382978723404255,0.06521739130434782,0.0,0.028571428571428567,0.02127659574468085
186,0.0851063829787234,0.0851063829787234,0.0,0.0,0.08571428571428573,0.0851063829787234
187,0.3404255319148936,0.3404255319148936,0.32608695652173914,0.4375,0.14285714285714285,0.0851063829787234
188,0.06382978723404255,0.06382978723404255,0.021739130434782608,0.03125,0.08571428571428573,0.0
189,0.06382978723404255,0.06382978723404255,0.0,0.0,0.028571428571428567,0.06382978723404255
190,0.0851063829787234,0.0851063829787234,0.08695652173913042,0.03125,0.08571428571428573,0.02127659574468085
191,0.06382978723404255,0.06382978723404255,0.06521739130434782,0.0625,0.0,0.042553191489361694
192,0.0851063829787234,0.0851063829787234,0.08695652173913042,0.09375,0.028571428571428567,0.042553191489361694
193,0.06382978723404255,0.06382978723404255,0.043478260869565216,0.09375,0.028571428571428567,0.02127659574468085
194,0.06382978723404255,0.06382978723404255,0.043478260869565216,0.03125,0.08571428571428573,0.02127659574468085
195,0.06382978723404255,0.06382978723404255,0.043478260869565216,0.09375,0.05714285714285715,0.02127659574468085
196,0.042553191489361694,0.042553191489361694,0.021739130434782608,0.03125,0.05714285714285715,0.042553191489361694
197,0.06382978723404255,0.06382978723404255,0.043478260869565216,0.03125,0.028571428571428567,0.06382978723404255
198,0.14893617021276595,0.14893617021276595,0.15217391304347827,0.1875,0.11428571428571427,0.02127659574468085
199,0.06382978723404255,0.06382978723404255,0.06521739130434782,0.09375,0.0,0.042553191489361694
200,0.0851063829787234,0.0851063829787234,0.06521739130434782,0.125,0.028571428571428567,0.042553191489361694
201,0.0851063829787234,0.0851063829787234,0.06521739130434782,0.0,0.05714285714285715,0.0
202,0.1914893617021277,0.1914893617021277,0.15217391304347827,0.09375,0.05714285714285715,0.02127659574468085
203,0.06382978723404255,0.06382978723404255,0.06521739130434782,0.03125,0.028571428571428567,0.02127659574468085
204,0.10638297872340424,0.10638297872340424,0.06521739130434782,0.15625,0.028571428571428567,0.0851063829787234
205,0.2340425531914893,0.2340425531914893,0.021739130434782608,0.0,0.11428571428571427,0.1914893617021277
206,0.042553191489361694,0.042553191489361694,0.043478260869565216,0.0625,0.028571428571428567,0.0
207,0.14893617021276595,0.14893617021276595,0.10869565217391304,0.0,0.08571428571428573,0.0851063829787234
208,0.06382978723404255,0.06382978723404255,0.06521739130434782,0.09375,0.028571428571428567,0.0
209,0.9787234042553192,0.9787234042553192,1.0,0.40625,0.3142857142857143,0.1702127659574468
210,0.0851063829787234,0.0851063829787234,0.06521739130434782,0.125,0.0,0.06382978723404255
211,0.06382978723404255,0.06382978723404255,0.021739130434782608,0.03125,0.028571428571428567,0.0
212,0.0851063829787234,0.0851063829787234,0.043478260869565216,0.0625,0.028571428571428567,0.042553191489361694
213,0.0851063829787234,0.0851063829787234,0.06521739130434782,0.0625,0.11428571428571427,0.042553191489361694
214,0.0851063829787234,0.0851063829787234,0.043478260869565216,0.09375,0.028571428571428567,0.042553191489361694
215,0.06382978723404255,0.06382978723404255,0.043478260869565216,0.09375,0.0,0.042553191489361694
216,0.0851063829787234,0.0851063829787234,0.043478260869565216,0.125,0.05714285714285715,0.06382978723404255
217,0.10638297872340424,0.10638297872340424,0.021739130434782608,0.0,0.028571428571428567,0.0
218,0.10638297872340424,0.10638297872340424,0.021739130434782608,0.03125,0.14285714285714285,0.0
219,0.10638297872340424,0.10638297872340424,0.06521739130434782,0.125,0.028571428571428567,0.06382978723404255
220,0.1276595744680851,0.1276595744680851,0.021739130434782608,0.0,0.1714285714285714,0.02127659574468085
221,0.425531914893617,0.425531914893617,0.4130434782608696,0.125,0.2285714285714285,0.25531914893617025
222,0.042553191489361694,0.042553191489361694,0.021739130434782608,0.03125,0.028571428571428567,0.042553191489361694
223,0.06382978723404255,0.06382978723404255,0.06521739130434782,0.09375,0.028571428571428567,0.042553191489361694
224,0.02127659574468085,0.02127659574468085,0.021739130434782608,0.03125,0.05714285714285715,0.02127659574468085
225,0.1276595744680851,0.1276595744680851,0.13043478260869568,0.03125,0.028571428571428567,0.1276595744680851
226,0.06382978723404255,0.06382978723404255,0.043478260869565216,0.0,0.05714285714285715,0.0
227,0.0851063829787234,0.0851063829787234,0.043478260869565216,0.0,0.11428571428571427,0.02127659574468085
228,0.06382978723404255,0.06382978723404255,0.06521739130434782,0.0625,0.0,0.06382978723404255
229,0.0851063829787234,0.0851063829787234,0.06521739130434782,0.09375,0.0,0.042553191489361694
230,0.06382978723404255,0.06382978723404255,0.043478260869565216,0.09375,0.0,0.06382978723404255
231,0.10638297872340424,0.10638297872340424,0.021739130434782608,0.0,0.08571428571428573,0.02127659574468085
232,0.1702127659574468,0.1702127659574468,0.021739130434782608,0.0,0.2,0.042553191489361694
233,0.042553191489361694,0.042553191489361694,0.0,0.0625,0.0,0.042553191489361694
234,0.06382978723404255,0.06382978723404255,0.043478260869565216,0.03125,0.05714285714285715,0.02127659574468085
235,0.1702127659574468,0.1702127659574468,0.043478260869565216,0.0625,0.05714285714285715,0.06382978723404255
236,0.0851063829787234,0.0851063829787234,0.08695652173913042,0.125,0.0,0.06382978723404255
237,0.0851063829787234,0.0851063829787234,0.08695652173913042,0.0625,0.028571428571428567,0.0851063829787234
238,0.10638297872340424,0.10638297872340424,0.021739130434782608,0.03125,0.14285714285714285,0.02127659574468085
239,0.06382978723404255,0.06382978723404255,0.043478260869565216,0.09375,0.028571428571428567,0.042553191489361694
240,0.06382978723404255,0.06382978723404255,0.06521739130434782,0.03125,0.0,0.02127659574468085
241,0.06382978723404255,0.06382978723404255,0.021739130434782608,0.03125,0.05714285714285715,0.0
242,0.10638297872340424,0.10638297872340424,0.0,0.0,0.14285714285714285,0.042553191489361694
243,0.06382978723404255,0.06382978723404255,0.0,0.0,0.028571428571428567,0.0
244,0.06382978723404255,0.06382978723404255,0.06521739130434782,0.0625,0.028571428571428567,0.042553191489361694
245,0.06382978723404255,0.06382978723404255,0.021739130434782608,0.0,0.028571428571428567,0.06382978723404255
246,0.06382978723404255,0.06382978723404255,0.06521739130434782,0.0,0.08571428571428573,0.02127659574468085
247,0.06382978723404255,0.06382978723404255,0.021739130434782608,0.0625,0.05714285714285715,0.02127659574468085
248,0.06382978723404255,0.06382978723404255,0.021739130434782608,0.03125,0.0,0.0
249,0.06382978723404255,0.06382978723404255,0.021739130434782608,0.0625,0.0,0.06382978723404255
250,0.1276595744680851,0.1276595744680851,0.13043478260869568,0.0625,0.05714285714285715,0.02127659574468085
251,0.3191489361702128,0.3191489361702128,0.021739130434782608,0.03125,0.42857142857142855,0.3191489361702128
252,0.0,0.0,0.0,0.0,0.05714285714285715,0.042553191489361694
253,0.14893617021276595,0.14893617021276595,0.0,0.03125,0.14285714285714285,0.06382978723404255
254,0.06382978723404255,0.06382978723404255,0.021739130434782608,0.09375,0.028571428571428567,0.042553191489361694
255,0.1276595744680851,0.1276595744680851,0.10869565217391304,0.1875,0.028571428571428567,0.06382978723404255
256,0.06382978723404255,0.06382978723404255,0.06521739130434782,0.0,0.05714285714285715,0.02127659574468085
257,0.0851063829787234,0.0851063829787234,0.06521739130434782,0.0,0.08571428571428573,0.0
258,0.042553191489361694,0.042553191489361694,0.0,0.03125,0.028571428571428567,0.042553191489361694
259,0.10638297872340424,0.10638297872340424,0.043478260869565216,0.0625,0.08571428571428573,0.06382978723404255
260,0.06382978723404255,0.06382978723404255,0.0,0.09375,0.028571428571428567,0.06382978723404255
261,0.3191489361702128,0.3191489361702128,0.28260869565217395,0.375,0.14285714285714285,0.042553191489361694
262,0.3191489361702128,0.3191489361702128,0.021739130434782608,0.0625,0.11428571428571427,0.06382978723404255
263,0.0851063829787234,0.0851063829787234,0.0,0.0,0.05714285714285715,0.02127659574468085
264,0.042553191489361694,0.042553191489361694,0.021739130434782608,0.0625,0.05714285714285715,0.02127659574468085
265,0.10638297872340424,0.10638297872340424,0.06521739130434782,0.0,0.14285714285714285,0.042553191489361694
266,0.02127659574468085,0.02127659574468085,0.0,0.0,0.05714285714285715,0.02127659574468085
267,0.042553191489361694,0.042553191489361694,0.0,0.0625,0.0,0.0
268,0.06382978723404255,0.06382978723404255,0.021739130434782608,0.0,0.05714285714285715,0.02127659574468085
269,0.14893617021276595,0.14893617021276595,0.043478260869565216,0.03125,0.05714285714285715,0.1276595744680851
270,0.06382978723404255,0.06382978723404255,0.021739130434782608,0.09375,0.0,0.06382978723404255
271,0.0851063829787234,0.0851063829787234,0.08695652173913042,0.125,0.028571428571428567,0.042553191489361694
272,0.1276595744680851,0.1276595744680851,0.06521739130434782,0.0,0.028571428571428567,0.06382978723404255
273,0.06382978723404255,0.06382978723404255,0.043478260869565216,0.0625,0.0,0.06382978723404255
274,0.06382978723404255,0.06382978723404255,0.021739130434782608,0.09375,0.028571428571428567,0.02127659574468085
275,0.2127659574468085,0.2127659574468085,0.06521739130434782,0.0,0.1714285714285714,0.02127659574468085
276,0.06382978723404255,0.06382978723404255,0.043478260869565216,0.03125,0.0,0.02127659574468085
277,0.10638297872340424,0.10638297872340424,0.08695652173913042,0.09375,0.0,0.0851063829787234
278,0.0851063829787234,0.0851063829787234,0.06521739130434782,0.125,0.0,0.0851063829787234
279,0.0851063829787234,0.0851063829787234,0.043478260869565216,0.125,0.0,0.042553191489361694
280,0.06382978723404255,0.06382978723404255,0.043478260869565216,0.03125,0.08571428571428573,0.042553191489361694
281,0.042553191489361694,0.042553191489361694,0.0,0.03125,0.028571428571428567,0.02127659574468085
282,0.1276595744680851,0.1276595744680851,0.043478260869565216,0.0,0.028571428571428567,0.1276595744680851
283,0.042553191489361694,0.042553191489361694,0.0,0.03125,0.0,0.0
284,0.06382978723404255,0.06382978723404255,0.0,0.0,0.08571428571428573,0.02127659574468085
285,0.0851063829787234,0.0851063829787234,0.021739130434782608,0.0,0.028571428571428567,0.0
286,0.0851063829787234,0.0851063829787234,0.06521739130434782,0.125,0.028571428571428567,0.06382978723404255
287,0.1276595744680851,0.1276595744680851,0.08695652173913042,0.0,0.11428571428571427,0.10638297872340424
288,0.0851063829787234,0.0851063829787234,0.08695652173913042,0.125,0.0,0.042553191489361694
289,0.1702127659574468,0.1702127659574468,0.15217391304347827,0.15625,0.11428571428571427,0.0
290,0.06382978723404255,0.06382978723404255,0.06521739130434782,0.03125,0.028571428571428567,0.042553191489361694
291,0.042553191489361694,0.042553191489361694,0.043478260869565216,0.0625,0.05714285714285715,0.042553191489361694
292,0.10638297872340424,0.10638297872340424,0.06521739130434782,0.0,0.05714285714285715,0.02127659574468085
293,0.0851063829787234,0.0851063829787234,0.06521739130434782,0.0,0.05714285714285715,0.02127659574468085
294,0.06382978723404255,0.06382978723404255,0.0,0.0,0.05714285714285715,0.02127659574468085
295,0.0851063829787234,0.0851063829787234,0.043478260869565216,0.125,0.05714285714285715,0.02127659574468085
296,0.1276595744680851,0.1276595744680851,0.06521739130434782,0.0,0.05714285714285715,0.0
297,0.3404255319148936,0.3404255319148936,0.043478260869565216,0.03125,0.3428571428571429,0.1276595744680851
298,0.06382978723404255,0.06382978723404255,0.021739130434782608,0.0,0.08571428571428573,0.02127659574468085
299,0.06382978723404255,0.06382978723404255,0.0,0.0,0.0,0.0
300,0.0851063829787234,0.0851063829787234,0.043478260869565216,0.125,0.05714285714285715,0.042553191489361694
301,0.10638297872340424,0.10638297872340424,0.021739130434782608,0.0,0.14285714285714285,0.042553191489361694
302,0.0851063829787234,0.0851063829787234,0.043478260869565216,0.0,0.11428571428571427,0.0
303,0.10638297872340424,0.10638297872340424,0.06521739130434782,0.15625,0.028571428571428567,0.042553191489361694
304,0.06382978723404255,0.06382978723404255,0.021739130434782608,0.0,0.0,0.0
305,0.06382978723404255,0.06382978723404255,0.043478260869565216,0.09375,0.0,0.0
306,0.14893617021276595,0.14893617021276595,0.021739130434782608,0.0,0.11428571428571427,0.02127659574468085
307,0.10638297872340424,0.10638297872340424,0.021739130434782608,0.0,0.05714285714285715,0.02127659574468085
308,0.06382978723404255,0.06382978723404255,0.06521739130434782,0.09375,0.05714285714285715,0.02127659574468085
309,0.0851063829787234,0.0851063829787234,0.08695652173913042,0.09375,0.05714285714285715,0.02127659574468085
310,0.06382978723404255,0.06382978723404255,0.021739130434782608,0.09375,0.0,0.02127659574468085
311,0.02127659574468085,0.02127659574468085,0.021739130434782608,0.0,0.05714285714285715,0.02127659574468085
312,0.1914893617021277,0.1914893617021277,0.15217391304347827,0.0625,0.05714285714285715,0.1276595744680851
313,0.3404255319148936,0.3404255319148936,0.043478260869565216,0.0,0.4571428571428571,0.0851063829787234
314,0.06382978723404255,0.06382978723404255,0.043478260869565216,0.0,0.08571428571428573,0.02127659574468085
315,0.3191489361702128,0.3191489361702128,0.32608695652173914,0.4375,0.14285714285714285,0.02127659574468085
316,0.0851063829787234,0.0851063829787234,0.06521739130434782,0.09375,0.028571428571428567,0.06382978723404255
317,0.042553191489361694,0.042553191489361694,0.043478260869565216,0.0,0.05714285714285715,0.042553191489361694
318,0.1914893617021277,0.1914893617021277,0.021739130434782608,0.0,0.05714285714285715,0.1914893617021277
319,0.06382978723404255,0.06382978723404255,0.043478260869565216,0.03125,0.0,0.06382978723404255
320,0.06382978723404255,0.06382978723404255,0.043478260869565216,0.0,0.05714285714285715,0.02127659574468085
321,0.0851063829787234,0.0851063829787234,0.06521739130434782,0.03125,0.028571428571428567,0.0
322,0.06382978723404255,0.06382978723404255,0.0,0.09375,0.028571428571428567,0.042553191489361694
323,0.06382978723404255,0.06382978723404255,0.0,0.0,0.05714285714285715,0.042553191489361694
324,0.14893617021276595,0.14893617021276595,0.10869565217391304,0.09375,0.05714285714285715,0.042553191489361694
325,0.0,0.02127659574468085,0.021739130434782608,0.0,0.0,0.02127659574468085
326,0.10638297872340424,0.10638297872340424,0.06521739130434782,0.03125,0.05714285714285715,0.02127659574468085
327,0.0851063829787234,0.0851063829787234,0.06521739130434782,0.0625,0.05714285714285715,0.06382978723404255
328,0.10638297872340424,0.10638297872340424,0.06521739130434782,0.125,0.028571428571428567,0.042553191489361694
329,0.10638297872340424,0.10638297872340424,0.021739130434782608,0.0,0.08571428571428573,0.0
330,0.06382978723404255,0.06382978723404255,0.043478260869565216,0.09375,0.028571428571428567,0.0
331,0.3829787234042553,0.3829787234042553,0.043478260869565216,0.0,0.5142857142857142,0.0851063829787234
332,0.06382978723404255,0.06382978723404255,0.021739130434782608,0.0625,0.0,0.042553191489361694
333,0.10638297872340424,0.10638297872340424,0.043478260869565216,0.09375,0.028571428571428567,0.042553191489361694
334,0.06382978723404255,0.06382978723404255,0.0,0.0,0.05714285714285715,0.0
335,0.042553191489361694,0.042553191489361694,0.0,0.03125,0.0,0.042553191489361694
336,0.06382978723404255,0.06382978723404255,0.0,0.03125,0.028571428571428567,0.02127659574468085
337,0.06382978723404255,0.06382978723404255,0.043478260869565216,0.0625,0.08571428571428573,0.0
338,0.0851063829787234,0.0851063829787234,0.043478260869565216,0.09375,0.0,0.06382978723404255
339,0.10638297872340424,0.10638297872340424,0.021739130434782608,0.0,0.14285714285714285,0.0
340,0.042553191489361694,0.042553191489361694,0.021739130434782608,0.0,0.028571428571428567,0.042553191489361694
341,0.042553191489361694,0.042553191489361694,0.0,0.0625,0.028571428571428567,0.042553191489361694
342,0.1276595744680851,0.1276595744680851,0.10869565217391304,0.0,0.14285714285714285,0.02127659574468085
343,0.042553191489361694,0.042553191489361694,0.043478260869565216,0.03125,0.05714285714285715,0.042553191489361694
344,0.14893617021276595,0.14893617021276595,0.06521739130434782,0.0,0.028571428571428567,0.10638297872340424
345,0.1276595744680851,0.1276595744680851,0.08695652173913042,0.0,0.05714285714285715,0.042553191489361694
346,0.4468085106382979,0.4468085106382979,0.021739130434782608,0.0,0.14285714285714285,0.1702127659574468
347,0.1276595744680851,0.1276595744680851,0.0,0.0,0.05714285714285715,0.0
348,0.3191489361702128,0.3191489361702128,0.0,0.0,0.14285714285714285,0.1914893617021277
349,0.06382978723404255,0.06382978723404255,0.06521739130434782,0.09375,0.0,0.06382978723404255
350,0.0851063829787234,0.0851063829787234,0.0,0.03125,0.0,0.0851063829787234
351,0.5319148936170213,0.5319148936170213,0.5217391304347826,0.0625,0.2571428571428571,0.2340425531914893
352,0.06382978723404255,0.06382978723404255,0.043478260869565216,0.09375,0.028571428571428567,0.06382978723404255
353,0.1276595744680851,0.1276595744680851,0.0,0.0,0.028571428571428567,0.042553191489361694
354,0.1702127659574468,0.1702127659574468,0.0,0.0,0.05714285714285715,0.14893617021276595
355,0.06382978723404255,0.06382978723404255,0.0,0.0,0.05714285714285715,0.06382978723404255
356,0.2127659574468085,0.2127659574468085,0.043478260869565216,0.03125,0.14285714285714285,0.042553191489361694
357,0.1276595744680851,0.1276595744680851,0.0,0.0,0.14285714285714285,0.0851063829787234
358,0.10638297872340424,0.10638297872340424,0.06521739130434782,0.0,0.05714285714285715,0.042553191489361694
359,0.6595744680851063,0.6595744680851063,0.10869565217391304,0.0,0.8857142857142857,0.25531914893617025
360,0.7234042553191489,0.7234042553191489,0.6521739130434783,0.1875,0.2857142857142857,0.2127659574468085
361,0.1914893617021277,0.1914893617021277,0.0,0.03125,0.14285714285714285,0.042553191489361694
362,0.1702127659574468,0.1702127659574468,0.10869565217391304,0.0,0.05714285714285715,0.042553191489361694
363,0.06382978723404255,0.06382978723404255,0.0,0.03125,0.0,0.042553191489361694
364,0.06382978723404255,0.06382978723404255,0.043478260869565216,0.0625,0.05714285714285715,0.06382978723404255
365,0.2765957446808511,0.2765957446808511,0.28260869565217395,0.15625,0.2,0.0851063829787234
366,0.0851063829787234,0.0851063829787234,0.0,0.03125,0.028571428571428567,0.0851063829787234
367,0.0851063829787234,0.0851063829787234,0.021739130434782608,0.0,0.05714285714285715,0.02127659574468085
368,0.297872340425532,0.297872340425532,0.10869565217391304,0.0,0.05714285714285715,0.0851063829787234
369,0.1276595744680851,0.1276595744680851,0.021739130434782608,0.0,0.11428571428571427,0.02127659574468085
370,0.0851063829787234,0.0851063829787234,0.021739130434782608,0.0,0.0,0.042553191489361694
371,0.06382978723404255,0.06382978723404255,0.0,0.0625,0.028571428571428567,0.0
372,0.10638297872340424,0.10638297872340424,0.0,0.0,0.08571428571428573,0.042553191489361694
373,0.0851063829787234,0.0851063829787234,0.0,0.0,0.05714285714285715,0.0851063829787234
374,0.0851063829787234,0.0851063829787234,0.08695652173913042,0.0,0.05714285714285715,0.02127659574468085
375,0.1276595744680851,0.1276595744680851,0.06521739130434782,0.0,0.14285714285714285,0.02127659574468085
376,0.1276595744680851,0.1276595744680851,0.021739130434782608,0.0,0.14285714285714285,0.0
377,0.10638297872340424,0.10638297872340424,0.10869565217391304,0.15625,0.028571428571428567,0.02127659574468085
378,0.06382978723404255,0.06382978723404255,0.06521739130434782,0.03125,0.08571428571428573,0.0
379,0.02127659574468085,0.02127659574468085,0.021739130434782608,0.0,0.028571428571428567,0.042553191489361694
380,0.0851063829787234,0.0851063829787234,0.0,0.0,0.028571428571428567,0.042553191489361694
381,0.0851063829787234,0.0851063829787234,0.021739130434782608,0.0,0.05714285714285715,0.0851063829787234
382,0.14893617021276595,0.14893617021276595,0.021739130434782608,0.0,0.08571428571428573,0.02127659574468085
383,0.10638297872340424,0.10638297872340424,0.021739130434782608,0.0,0.028571428571428567,0.042553191489361694
384,0.1276595744680851,0.1276595744680851,0.13043478260869568,0.03125,0.08571428571428573,0.02127659574468085
385,0.1702127659574468,0.1702127659574468,0.043478260869565216,0.0625,0.08571428571428573,0.06382978723404255
386,0.06382978723404255,0.06382978723404255,0.0,0.0,0.0,0.02127659574468085
387,0.0851063829787234,0.0851063829787234,0.06521739130434782,0.0625,0.028571428571428567,0.06382978723404255
388,0.0851063829787234,0.0851063829787234,0.06521739130434782,0.0,0.028571428571428567,0.0
389,0.14893617021276595,0.14893617021276595,0.043478260869565216,0.0,0.05714285714285715,0.14893617021276595
390,0.10638297872340424,0.10638297872340424,0.08695652173913042,0.0625,0.028571428571428567,0.042553191489361694
391,0.06382978723404255,0.06382978723404255,0.06521739130434782,0.03125,0.028571428571428567,0.06382978723404255
392,0.06382978723404255,0.06382978723404255,0.0,0.03125,0.05714285714285715,0.0
393,0.06382978723404255,0.06382978723404255,0.021739130434782608,0.0,0.028571428571428567,0.042553191489361694
394,0.0851063829787234,0.0851063829787234,0.0,0.0,0.08571428571428573,0.0
395,0.06382978723404255,0.06382978723404255,0.0,0.09375,0.05714285714285715,0.042553191489361694
396,0.0851063829787234,0.0851063829787234,0.06521739130434782,0.09375,0.0,0.06382978723404255
397,0.1276595744680851,0.1276595744680851,0.0,0.0,0.08571428571428573,0.06382978723404255
398,0.0851063829787234,0.0851063829787234,0.0,0.03125,0.11428571428571427,0.06382978723404255
399,0.0851063829787234,0.0851063829787234,0.043478260869565216,0.09375,0.028571428571428567,0.06382978723404255
400,0.0851063829787234,0.0851063829787234,0.06521739130434782,0.03125,0.05714285714285715,0.042553191489361694
401,0.10638297872340424,0.10638297872340424,0.10869565217391304,0.0625,0.028571428571428567,0.06382978723404255
402,0.10638297872340424,0.10638297872340424,0.021739130434782608,0.0,0.05714285714285715,0.06382978723404255
403,0.1702127659574468,0.1702127659574468,0.08695652173913042,0.09375,0.05714285714285715,0.042553191489361694
404,0.06382978723404255,0.06382978723404255,0.021739130434782608,0.0625,0.028571428571428567,0.06382978723404255
405,0.06382978723404255,0.06382978723404255,0.021739130434782608,0.03125,0.028571428571428567,0.02127659574468085
406,0.06382978723404255,0.06382978723404255,0.043478260869565216,0.0,0.028571428571428567,0.0
407,0.06382978723404255,0.06382978723404255,0.06521739130434782,0.03125,0.0,0.042553191489361694
408,0.0851063829787234,0.0851063829787234,0.06521739130434782,0.125,0.05714285714285715,0.042553191489361694
409,0.0851063829787234,0.0851063829787234,0.08695652173913042,0.0625,0.028571428571428567,0.042553191489361694
410,0.2340425531914893,0.2340425531914893,0.021739130434782608,0.03125,0.2857142857142857,0.0851063829787234
411,0.2127659574468085,0.2127659574468085,0.2173913043478261,0.03125,0.08571428571428573,0.06382978723404255
412,0.14893617021276595,0.14893617021276595,0.15217391304347827,0.0,0.08571428571428573,0.0851063829787234
413,0.1276595744680851,0.1276595744680851,0.021739130434782608,0.0,0.08571428571428573,0.0851063829787234
414,0.10638297872340424,0.10638297872340424,0.10869565217391304,0.0,0.08571428571428573,0.10638297872340424
415,0.14893617021276595,0.14893617021276595,0.021739130434782608,0.03125,0.05714285714285715,0.02127659574468085
416,0.14893617021276595,0.14893617021276595,0.0,0.0,0.05714285714285715,0.0851063829787234
417,0.06382978723404255,0.06382978723404255,0.021739130434782608,0.0,0.08571428571428573,0.042553191489361694
418,0.14893617021276595,0.14893617021276595,0.021739130434782608,0.0,0.05714285714285715,0.0851063829787234
419,0.1276595744680851,0.1276595744680851,0.13043478260869568,0.03125,0.11428571428571427,0.02127659574468085
420,0.1914893617021277,0.1914893617021277,0.17391304347826084,0.0625,0.05714285714285715,0.042553191489361694
421,0.0851063829787234,0.0851063829787234,0.0,0.0,0.028571428571428567,0.02127659574468085
422,0.14893617021276595,0.14893617021276595,0.0,0.0,0.028571428571428567,0.042553191489361694
423,0.3829787234042553,0.3829787234042553,0.39130434782608703,0.0,0.14285714285714285,0.3617021276595745
424,0.1276595744680851,0.1276595744680851,0.021739130434782608,0.03125,0.08571428571428573,0.02127659574468085
425,0.042553191489361694,0.042553191489361694,0.021739130434782608,0.0625,0.05714285714285715,0.042553191489361694
426,0.042553191489361694,0.042553191489361694,0.043478260869565216,0.0625,0.05714285714285715,0.0
427,0.06382978723404255,0.06382978723404255,0.0,0.0,0.028571428571428567,0.042553191489361694
428,0.1276595744680851,0.1276595744680851,0.13043478260869568,0.0,0.05714285714285715,0.0851063829787234
429,0.1702127659574468,0.1702127659574468,0.0,0.0,0.2285714285714285,0.1702127659574468
430,0.0851063829787234,0.0851063829787234,0.021739130434782608,0.09375,0.05714285714285715,0.06382978723404255
431,0.14893617021276595,0.14893617021276595,0.15217391304347827,0.0,0.05714285714285715,0.06382978723404255
432,0.10638297872340424,0.10638297872340424,0.0,0.0,0.11428571428571427,0.06382978723404255
433,0.0,0.02127659574468085,0.0,0.0,0.028571428571428567,0.02127659574468085
434,0.2765957446808511,0.2765957446808511,0.28260869565217395,0.0,0.1714285714285714,0.2127659574468085
435,0.1702127659574468,0.1702127659574468,0.17391304347826084,0.0,0.05714285714285715,0.02127659574468085
436,0.4468085106382979,0.4468085106382979,0.021739130434782608,0.0,0.5428571428571428,0.3617021276595745
437,0.14893617021276595,0.14893617021276595,0.0,0.0,0.11428571428571427,0.02127659574468085
438,0.1276595744680851,0.1276595744680851,0.08695652173913042,0.0,0.1714285714285714,0.0851063829787234
439,0.1914893617021277,0.1914893617021277,0.19565217391304346,0.03125,0.11428571428571427,0.0851063829787234
440,0.0851063829787234,0.0851063829787234,0.021739130434782608,0.09375,0.0,0.06382978723404255
441,0.2127659574468085,0.2127659574468085,0.2173913043478261,0.0,0.05714285714285715,0.0851063829787234
442,0.1276595744680851,0.1276595744680851,0.13043478260869568,0.0,0.05714285714285715,0.02127659574468085
443,0.10638297872340424,0.10638297872340424,0.0,0.0,0.14285714285714285,0.10638297872340424
444,0.0851063829787234,0.0851063829787234,0.021739130434782608,0.0,0.08571428571428573,0.0
445,0.14893617021276595,0.14893617021276595,0.021739130434782608,0.0,0.05714285714285715,0.02127659574468085
446,0.0851063829787234,0.0851063829787234,0.021739130434782608,0.03125,0.028571428571428567,0.0
447,0.06382978723404255,0.06382978723404255,0.06521739130434782,0.0,0.028571428571428567,0.042553191489361694
448,0.1276595744680851,0.1276595744680851,0.0,0.03125,0.08571428571428573,0.02127659574468085
449,0.10638297872340424,0.10638297872340424,0.0,0.0,0.11428571428571427,0.10638297872340424
450,0.1276595744680851,0.1276595744680851,0.043478260869565216,0.03125,0.08571428571428573,0.042553191489361694
451,0.0851063829787234,0.0851063829787234,0.0,0.03125,0.05714285714285715,0.0851063829787234
452,0.042553191489361694,0.042553191489361694,0.021739130434782608,0.0625,0.05714285714285715,0.0
453,0.0851063829787234,0.0851063829787234,0.06521739130434782,0.03125,0.028571428571428567,0.06382978723404255
454,0.14893617021276595,0.14893617021276595,0.15217391304347827,0.0,0.08571428571428573,0.02127659574468085
455,0.0851063829787234,0.0851063829787234,0.08695652173913042,0.09375,0.0,0.02127659574468085
456,0.0851063829787234,0.0851063829787234,0.021739130434782608,0.0,0.08571428571428573,0.02127659574468085
457,0.06382978723404255,0.06382978723404255,0.021739130434782608,0.03125,0.0,0.042553191489361694
458,0.10638297872340424,0.10638297872340424,0.0,0.03125,0.028571428571428567,0.02127659574468085
459,0.10638297872340424,0.10638297872340424,0.0,0.0,0.08571428571428573,0.02127659574468085
460,0.10638297872340424,0.10638297872340424,0.06521739130434782,0.09375,0.0,0.06382978723404255
461,0.06382978723404255,0.06382978723404255,0.06521739130434782,0.0625,0.05714285714285715,0.042553191489361694
462,0.0851063829787234,0.0851063829787234,0.043478260869565216,0.0625,0.05714285714285715,0.042553191489361694
463,0.14893617021276595,0.14893617021276595,0.021739130434782608,0.0,0.028571428571428567,0.02127659574468085
464,0.0851063829787234,0.0851063829787234,0.021739130434782608,0.0625,0.0,0.042553191489361694
465,0.0851063829787234,0.0851063829787234,0.08695652173913042,0.125,0.05714285714285715,0.0
466,0.10638297872340424,0.10638297872340424,0.06521739130434782,0.15625,0.0,0.042553191489361694
467,0.06382978723404255,0.06382978723404255,0.0,0.03125,0.08571428571428573,0.06382978723404255
468,0.06382978723404255,0.06382978723404255,0.06521739130434782,0.0,0.05714285714285715,0.0
469,0.1276595744680851,0.1276595744680851,0.043478260869565216,0.0,0.08571428571428573,0.0851063829787234
470,0.10638297872340424,0.10638297872340424,0.08695652173913042,0.125,0.028571428571428567,0.06382978723404255
471,0.10638297872340424,0.10638297872340424,0.08695652173913042,0.125,0.0,0.06382978723404255
472,0.2765957446808511,0.2765957446808511,0.2608695652173913,0.0,0.1714285714285714,0.2340425531914893
473,0.3191489361702128,0.3191489361702128,0.32608695652173914,0.0,0.08571428571428573,0.297872340425532
474,0.6170212765957447,0.6170212765957447,0.6304347826086957,0.03125,0.1714285714285714,0.4893617021276596
475,0.702127659574468,0.702127659574468,0.7173913043478259,0.0,0.2,0.6808510638297872
476,0.2340425531914893,0.2340425531914893,0.2391304347826087,0.0,0.08571428571428573,0.2127659574468085
477,0.2340425531914893,0.2340425531914893,0.2391304347826087,0.0,0.2,0.1276595744680851
478,0.06382978723404255,0.06382978723404255,0.0,0.0,0.08571428571428573,0.0
479,0.3829787234042553,0.3829787234042553,0.39130434782608703,0.0,0.1714285714285714,0.3829787234042553
480,0.1914893617021277,0.1914893617021277,0.021739130434782608,0.0,0.2571428571428571,0.0851063829787234
481,0.0,0.02127659574468085,0.0,0.03125,0.028571428571428567,0.02127659574468085
482,0.4893617021276596,0.4893617021276596,0.5,0.0,0.14285714285714285,0.4468085106382979
483,0.06382978723404255,0.06382978723404255,0.021739130434782608,0.0,0.0,0.02127659574468085
484,0.4680851063829787,0.4680851063829787,0.4782608695652174,0.0,0.1714285714285714,0.425531914893617
485,0.06382978723404255,0.06382978723404255,0.021739130434782608,0.03125,0.0,0.02127659574468085
486,0.2340425531914893,0.2340425531914893,0.021739130434782608,0.0,0.3142857142857143,0.10638297872340424
487,0.1702127659574468,0.1702127659574468,0.043478260869565216,0.03125,0.08571428571428573,0.1702127659574468
488,0.06382978723404255,0.06382978723404255,0.043478260869565216,0.0,0.08571428571428573,0.042553191489361694
489,0.0851063829787234,0.0851063829787234,0.08695652173913042,0.125,0.0,0.02127659574468085
490,0.1702127659574468,0.1702127659574468,0.17391304347826084,0.0,0.14285714285714285,0.06382978723404255
491,0.06382978723404255,0.06382978723404255,0.0,0.0,0.08571428571428573,0.042553191489361694
492,0.1276595744680851,0.1276595744680851,0.0,0.0,0.08571428571428573,0.0851063829787234
493,0.14893617021276595,0.14893617021276595,0.021739130434782608,0.0,0.05714285714285715,0.06382978723404255
494,0.425531914893617,0.425531914893617,0.43478260869565216,0.0,0.1714285714285714,0.4042553191489362
495,0.1276595744680851,0.1276595744680851,0.13043478260869568,0.0625,0.1714285714285714,0.06382978723404255
496,0.1702127659574468,0.1702127659574468,0.0,0.0,0.2,0.10638297872340424
497,0.1276595744680851,0.1276595744680851,0.021739130434782608,0.0625,0.05714285714285715,0.02127659574468085
498,0.06382978723404255,0.06382978723404255,0.0,0.03125,0.0,0.02127659574468085
499,0.1276595744680851,0.1276595744680851,0.13043478260869568,0.03125,0.08571428571428573,0.0851063829787234
500,0.0851063829787234,0.0851063829787234,0.021739130434782608,0.0,0.0,0.06382978723404255
501,0.042553191489361694,0.042553191489361694,0.0,0.0625,0.05714285714285715,0.042553191489361694
502,0.10638297872340424,0.10638297872340424,0.08695652173913042,0.03125,0.028571428571428567,0.06382978723404255
503,0.0851063829787234,0.0851063829787234,0.06521739130434782,0.125,0.028571428571428567,0.02127659574468085
504,0.0851063829787234,0.0851063829787234,0.08695652173913042,0.0625,0.028571428571428567,0.06382978723404255
505,0.10638297872340424,0.10638297872340424,0.10869565217391304,0.0,0.028571428571428567,0.02127659574468085
506,0.10638297872340424,0.10638297872340424,0.06521739130434782,0.0625,0.05714285714285715,0.042553191489361694
507,0.06382978723404255,0.06382978723404255,0.06521739130434782,0.0,0.08571428571428573,0.0
508,0.1276595744680851,0.1276595744680851,0.0,0.03125,0.05714285714285715,0.042553191489361694
509,0.10638297872340424,0.10638297872340424,0.043478260869565216,0.125,0.028571428571428567,0.042553191489361694
510,0.1276595744680851,0.1276595744680851,0.13043478260869568,0.0,0.1714285714285714,0.1276595744680851
511,0.10638297872340424,0.10638297872340424,0.0,0.0,0.08571428571428573,0.06382978723404255
512,0.0851063829787234,0.0851063829787234,0.06521739130434782,0.0625,0.0,0.06382978723404255
513,0.0851063829787234,0.0851063829787234,0.043478260869565216,0.03125,0.05714285714285715,0.0851063829787234
514,0.0851063829787234,0.0851063829787234,0.08695652173913042,0.09375,0.05714285714285715,0.042553191489361694
515,0.042553191489361694,0.042553191489361694,0.0,0.03125,0.05714285714285715,0.02127659574468085
516,0.3617021276595745,0.3617021276595745,0.3695652173913043,0.0,0.14285714285714285,0.3404255319148936
517,0.1276595744680851,0.1276595744680851,0.021739130434782608,0.0,0.05714285714285715,0.02127659574468085
518,0.7446808510638298,0.7446808510638298,0.021739130434782608,0.0,1.0,0.7446808510638298
519,0.0851063829787234,0.0851063829787234,0.08695652173913042,0.125,0.028571428571428567,0.0
520,0.5744680851063829,0.5744680851063829,0.3695652173913043,0.09375,0.1714285714285714,0.3191489361702128
521,0.14893617021276595,0.14893617021276595,0.0,0.03125,0.2,0.06382978723404255
522,0.3404255319148936,0.3404255319148936,0.3478260869565217,0.0,0.14285714285714285,0.3404255319148936
523,0.25531914893617025,0.25531914893617025,0.0,0.09375,0.2571428571428571,0.0851063829787234
524,0.0851063829787234,0.0851063829787234,0.021739130434782608,0.0,0.028571428571428567,0.0851063829787234
525,0.297872340425532,0.297872340425532,0.3043478260869565,0.0,0.1714285714285714,0.25531914893617025
526,0.1914893617021277,0.1914893617021277,0.10869565217391304,0.0,0.11428571428571427,0.02127659574468085
527,0.14893617021276595,0.14893617021276595,0.0,0.0,0.2,0.02127659574468085
528,0.06382978723404255,0.06382978723404255,0.06521739130434782,0.0,0.08571428571428573,0.042553191489361694
529,0.1914893617021277,0.1914893617021277,0.0,0.0,0.028571428571428567,0.02127659574468085
530,0.10638297872340424,0.10638297872340424,0.0,0.0,0.028571428571428567,0.02127659574468085
531,0.3191489361702128,0.3191489361702128,0.0,0.03125,0.3714285714285714,0.10638297872340424
532,0.06382978723404255,0.06382978723404255,0.06521739130434782,0.03125,0.08571428571428573,0.06382978723404255
533,0.10638297872340424,0.10638297872340424,0.10869565217391304,0.0,0.14285714285714285,0.02127659574468085
534,0.297872340425532,0.297872340425532,0.021739130434782608,0.0,0.2857142857142857,0.0851063829787234
535,0.10638297872340424,0.10638297872340424,0.0,0.0,0.14285714285714285,0.02127659574468085
536,0.1276595744680851,0.1276595744680851,0.0,0.0,0.14285714285714285,0.042553191489361694
537,0.0851063829787234,0.0851063829787234,0.0,0.0,0.028571428571428567,0.0
538,0.0851063829787234,0.0851063829787234,0.0,0.03125,0.11428571428571427,0.02127659574468085
539,0.0851063829787234,0.0851063829787234,0.0,0.0,0.05714285714285715,0.0
540,0.0851063829787234,0.0851063829787234,0.08695652173913042,0.03125,0.11428571428571427,0.02127659574468085
541,0.1276595744680851,0.1276595744680851,0.021739130434782608,0.0,0.05714285714285715,0.042553191489361694
542,0.3829787234042553,0.3829787234042553,0.39130434782608703,0.0,0.2285714285714285,0.3617021276595745
543,0.14893617021276595,0.14893617021276595,0.15217391304347827,0.0,0.08571428571428573,0.10638297872340424
544,0.2765957446808511,0.2765957446808511,0.28260869565217395,0.0,0.11428571428571427,0.14893617021276595
545,0.3191489361702128,0.3191489361702128,0.32608695652173914,0.0,0.08571428571428573,0.1914893617021277
546,0.1276595744680851,0.1276595744680851,0.13043478260869568,0.0,0.028571428571428567,0.042553191489361694
547,0.0851063829787234,0.0851063829787234,0.0,0.0,0.05714285714285715,0.06382978723404255
548,0.06382978723404255,0.06382978723404255,0.06521739130434782,0.0,0.0,0.02127659574468085
549,0.0851063829787234,0.0851063829787234,0.043478260869565216,0.0625,0.028571428571428567,0.02127659574468085
550,0.25531914893617025,0.25531914893617025,0.0,0.0,0.3142857142857143,0.042553191489361694
551,0.1276595744680851,0.1276595744680851,0.13043478260869568,0.03125,0.05714285714285715,0.06382978723404255
552,0.1702127659574468,0.1702127659574468,0.15217391304347827,0.0,0.08571428571428573,0.042553191489361694
553,0.1276595744680851,0.1276595744680851,0.13043478260869568,0.0,0.08571428571428573,0.06382978723404255
554,0.0851063829787234,0.0851063829787234,0.0,0.0,0.028571428571428567,0.0851063829787234
555,0.1276595744680851,0.1276595744680851,0.0,0.0,0.1714285714285714,0.02127659574468085
556,0.0851063829787234,0.0851063829787234,0.0,0.0,0.08571428571428573,0.042553191489361694
